{
  "main": {
    "id": "94a8f24603b4e496",
    "type": "split",
    "children": [
      {
        "id": "d8e9ad47ccdc10f2",
        "type": "tabs",
        "children": [
          {
            "id": "9fcdcc2e9201ff23",
            "type": "leaf",
            "state": {
              "type": "markdown",
              "state": {
                "file": "Welcome to Healthside.md",
                "mode": "source",
                "source": false
              }
            }
          }
        ]
      }
    ],
    "direction": "vertical"
  },
  "left": {
    "id": "69c76f0b8430676b",
    "type": "split",
    "children": [
      {
        "id": "cbd6565dc69e20b6",
        "type": "tabs",
        "children": [
          {
            "id": "4ddbe49dcba079de",
            "type": "leaf",
            "state": {
              "type": "file-explorer",
              "state": {
                "sortOrder": "alphabetical"
              }
            }
          },
          {
            "id": "4f9bf298417779d2",
            "type": "leaf",
            "state": {
              "type": "search",
              "state": {
                "query": "Product",
                "matchingCase": true,
                "explainSearch": false,
                "collapseAll": false,
                "extraContext": false,
                "sortOrder": "alphabetical"
              }
            }
          },
          {
            "id": "04301e8bfe6cc8d5",
            "type": "leaf",
            "state": {
              "type": "bookmarks",
              "state": {}
            }
          }
        ]
      }
    ],
    "direction": "horizontal",
    "width": 300
  },
  "right": {
    "id": "14947404e2dc5920",
    "type": "split",
    "children": [
      {
        "id": "48209ef7a0c224bc",
        "type": "tabs",
        "children": [
          {
            "id": "a2b3e0c3cc5cd487",
            "type": "leaf",
            "state": {
              "type": "backlink",
              "state": {
                "file": "Welcome to Healthside.md",
                "collapseAll": false,
                "extraContext": false,
                "sortOrder": "alphabetical",
                "showSearch": false,
                "searchQuery": "",
                "backlinkCollapsed": false,
                "unlinkedCollapsed": true
              }
            }
          },
          {
            "id": "b6b3095bffe8f79d",
            "type": "leaf",
            "state": {
              "type": "outgoing-link",
              "state": {
                "file": "Welcome to Healthside.md",
                "linksCollapsed": false,
                "unlinkedCollapsed": true
              }
            }
          },
          {
            "id": "d1ff50b59973170b",
            "type": "leaf",
            "state": {
              "type": "tag",
              "state": {
                "sortOrder": "frequency",
                "useHierarchy": true
              }
            }
          },
          {
            "id": "05a27d805c5856bb",
            "type": "leaf",
            "state": {
              "type": "outline",
              "state": {
                "file": "Welcome to Healthside.md"
              }
            }
          }
        ],
        "currentTab": 3
      }
    ],
    "direction": "horizontal",
    "width": 300,
    "collapsed": true
  },
  "left-ribbon": {
    "hiddenItems": {
      "switcher:Open quick switcher": false,
      "graph:Open graph view": false,
      "canvas:Create new canvas": false,
      "daily-notes:Open today's daily note": false,
      "templates:Insert template": false,
      "command-palette:Open command palette": false,
      "workspaces:Manage workspace layouts": false,
      "templater-obsidian:Templater": false,
      "obsidian-excalidraw-plugin:Create new drawing": false
    }
  },
  "active": "9fcdcc2e9201ff23",
  "lastOpenFiles": [
    "Media/Interface.png",
    "Interface.png",
    "Welcome to Healthside.md",
    "Recommended Products.md",
    "Tools/Tool - Breathwork.md",
    "Notes/Toxins to cut out.md",
    "Notes/The modern diet and its problems.md",
    "Source Notes/+Dr. Paul Saladino's Animal-Based Diet 101 - A step-by-step guide.md",
    "Tools/Tool - Diet.md",
    "Source Notes/+Using Caffeine to Optimize Mental & Physical Performance - Huberman Lab Podcast 101.md",
    "Notes/Biggest Toxins.md",
    "Source Notes/+Why Blue Light Blockers Are A Scam.md",
    "Tools/Tool - Hydration.md",
    "Tools/Tool - Morning Routine.md",
    "Notes/ADP (adenosine triphosphate).md",
    "Utility/To work on.md",
    "Source Notes/+Are Vegetables Actually Toxic.md",
    "Source Notes/+Wearing Blue Blocking Glasses is NOT a Dumb Idea - Here’s Why.md",
    "Tools/Tool - Waking up early the easy way.md",
    "Tools/Tool - Evening routine.md",
    "Source Notes/+How Does Blue Light & Other Light Affect Your Sleep - Dr. Andrew Huberman.md",
    "Source Notes/+Phytic acid and anti-nutrients.md",
    "Source Notes/+The problem with eating plants.md",
    "Source Notes/+The 9 Most Nutrient Dense Vegetables with ZERO Downsides (no oxalates or anti-nutrients).md",
    "Source Notes/+Gastroenterologist Destroys Vegetable Concerns - Lectins, Phytic Acid, Anti Nutrients.md",
    "Source Notes/+Broccoli - Could It Be Harming You.md",
    "Notes/Oral Health.md",
    "Media/WaterChemistry.png",
    "Utility",
    "Media/ColostrumVsMatureMilk.png",
    "Media/MilkNutrients4.png",
    "Media/MilkNutrients3.png",
    "Media/MilkNutrients2.png",
    "Media/MilkNutrients1.png",
    "Media/SebaceousGland.png",
    "Media/Pasted image 20240630074350.png",
    "Media/Pasted image 20240630073438.png",
    "Ressources/Media",
    "Media",
    "Notes",
    "Tools",
    "Media/Excalidraw",
    "Utility/Templates",
    "Source Notes",
    "Neuer Ordner"
  ]
}