{
  "workspaces": {
    "Sleep Note": {
      "main": {
        "id": "94a8f24603b4e496",
        "type": "split",
        "children": [
          {
            "id": "f3fd0820b26a6b7d",
            "type": "tabs",
            "dimension": 44.41624365482234,
            "children": [
              {
                "id": "2d6b5869ae475560",
                "type": "leaf",
                "state": {
                  "type": "graph",
                  "state": {}
                }
              },
              {
                "id": "a82eb4d71a00db1c",
                "type": "leaf",
                "state": {
                  "type": "markdown",
                  "state": {
                    "file": "Inbox/+Sleep - Hacks, Supplements, and Routines for Better Sleep - Ultimate Human Short with Gary Brecka.md",
                    "mode": "source",
                    "source": false
                  }
                }
              },
              {
                "id": "2afca22f56a88bdd",
                "type": "leaf",
                "state": {
                  "type": "markdown",
                  "state": {
                    "file": "Inbox/+Using Caffeine to Optimize Mental & Physical Performance - Huberman Lab Podcast 101.md",
                    "mode": "source",
                    "source": false
                  }
                }
              },
              {
                "id": "9b6ff7e722cfd6a0",
                "type": "leaf",
                "state": {
                  "type": "markdown",
                  "state": {
                    "file": "Inbox/+Using Light (Sunlight, Blue Light & Red Light) to Optimize Health - Huberman Lab Podcast 68.md",
                    "mode": "source",
                    "source": false
                  }
                }
              },
              {
                "id": "4213a3ea6babab54",
                "type": "leaf",
                "state": {
                  "type": "markdown",
                  "state": {
                    "file": "Notes/7 pillars of Health - Andrew Huberman.md",
                    "mode": "source",
                    "source": false
                  }
                }
              },
              {
                "id": "66209e027e7d4cdd",
                "type": "leaf",
                "state": {
                  "type": "markdown",
                  "state": {
                    "file": "Notes/Light and its Health benefits.md",
                    "mode": "source",
                    "source": false
                  }
                }
              }
            ],
            "currentTab": 5
          },
          {
            "id": "315b6c2e72df5a80",
            "type": "tabs",
            "dimension": 55.58375634517766,
            "children": [
              {
                "id": "ccc1d2d477598297",
                "type": "leaf",
                "state": {
                  "type": "markdown",
                  "state": {
                    "file": "Notes/To work on.md",
                    "mode": "source",
                    "source": false
                  }
                }
              },
              {
                "id": "b669d8cbc9dccaa3",
                "type": "leaf",
                "state": {
                  "type": "markdown",
                  "state": {
                    "file": "Welcome to Healthside.md",
                    "mode": "source",
                    "source": false
                  }
                }
              },
              {
                "id": "42f82540bd9899a4",
                "type": "leaf",
                "state": {
                  "type": "markdown",
                  "state": {
                    "file": "Notes/Protein.md",
                    "mode": "source",
                    "source": false
                  }
                }
              },
              {
                "id": "d0fac53a13fc88ef",
                "type": "leaf",
                "state": {
                  "type": "markdown",
                  "state": {
                    "file": "Notes/Sleep.md",
                    "mode": "source",
                    "source": false
                  }
                }
              }
            ],
            "currentTab": 3
          }
        ],
        "direction": "vertical"
      },
      "left": {
        "id": "69c76f0b8430676b",
        "type": "split",
        "children": [
          {
            "id": "cbd6565dc69e20b6",
            "type": "tabs",
            "children": [
              {
                "id": "4ddbe49dcba079de",
                "type": "leaf",
                "state": {
                  "type": "file-explorer",
                  "state": {
                    "sortOrder": "alphabetical"
                  }
                }
              },
              {
                "id": "4f9bf298417779d2",
                "type": "leaf",
                "state": {
                  "type": "search",
                  "state": {
                    "query": "water",
                    "matchingCase": true,
                    "explainSearch": false,
                    "collapseAll": false,
                    "extraContext": false,
                    "sortOrder": "alphabetical"
                  }
                }
              },
              {
                "id": "04301e8bfe6cc8d5",
                "type": "leaf",
                "state": {
                  "type": "bookmarks",
                  "state": {}
                }
              }
            ],
            "currentTab": 1
          }
        ],
        "direction": "horizontal",
        "width": 300
      },
      "right": {
        "id": "14947404e2dc5920",
        "type": "split",
        "children": [
          {
            "id": "48209ef7a0c224bc",
            "type": "tabs",
            "children": [
              {
                "id": "a2b3e0c3cc5cd487",
                "type": "leaf",
                "state": {
                  "type": "backlink",
                  "state": {
                    "file": "Notes/Sleep.md",
                    "collapseAll": false,
                    "extraContext": false,
                    "sortOrder": "alphabetical",
                    "showSearch": false,
                    "searchQuery": "",
                    "backlinkCollapsed": false,
                    "unlinkedCollapsed": true
                  }
                }
              },
              {
                "id": "b6b3095bffe8f79d",
                "type": "leaf",
                "state": {
                  "type": "outgoing-link",
                  "state": {
                    "file": "Notes/Sleep.md",
                    "linksCollapsed": false,
                    "unlinkedCollapsed": true
                  }
                }
              },
              {
                "id": "d1ff50b59973170b",
                "type": "leaf",
                "state": {
                  "type": "tag",
                  "state": {
                    "sortOrder": "frequency",
                    "useHierarchy": true
                  }
                }
              },
              {
                "id": "05a27d805c5856bb",
                "type": "leaf",
                "state": {
                  "type": "outline",
                  "state": {
                    "file": "Notes/Sleep.md"
                  }
                }
              }
            ],
            "currentTab": 3
          }
        ],
        "direction": "horizontal",
        "width": 300,
        "collapsed": true
      },
      "left-ribbon": {
        "hiddenItems": {
          "switcher:Open quick switcher": false,
          "graph:Open graph view": false,
          "canvas:Create new canvas": false,
          "daily-notes:Open today's daily note": false,
          "templates:Insert template": false,
          "command-palette:Open command palette": false,
          "workspaces:Manage workspace layouts": false,
          "templater-obsidian:Templater": false,
          "obsidian-excalidraw-plugin:Create new drawing": false
        }
      },
      "active": "d0fac53a13fc88ef",
      "mtime": "2024-07-02T16:46:40+02:00"
    },
    "Water Note": {
      "main": {
        "id": "94a8f24603b4e496",
        "type": "split",
        "children": [
          {
            "id": "f3fd0820b26a6b7d",
            "type": "tabs",
            "dimension": 44.41624365482234,
            "children": [
              {
                "id": "2d6b5869ae475560",
                "type": "leaf",
                "state": {
                  "type": "graph",
                  "state": {}
                }
              },
              {
                "id": "2b5831d41bb8d6b1",
                "type": "leaf",
                "state": {
                  "type": "markdown",
                  "state": {
                    "file": "Inbox/+Drinking Water is not the best way to stay hydrated.md",
                    "mode": "source",
                    "source": false
                  }
                }
              },
              {
                "id": "7b52a18e93afee86",
                "type": "leaf",
                "state": {
                  "type": "markdown",
                  "state": {
                    "file": "Notes/Dehydration.md",
                    "mode": "source",
                    "source": false
                  }
                }
              },
              {
                "id": "250c7b84ab61a77c",
                "type": "leaf",
                "state": {
                  "type": "markdown",
                  "state": {
                    "file": "Notes/Water.md",
                    "mode": "source",
                    "source": false
                  }
                }
              }
            ],
            "currentTab": 1
          },
          {
            "id": "315b6c2e72df5a80",
            "type": "tabs",
            "dimension": 55.58375634517766,
            "children": [
              {
                "id": "ccc1d2d477598297",
                "type": "leaf",
                "state": {
                  "type": "markdown",
                  "state": {
                    "file": "Notes/To work on.md",
                    "mode": "source",
                    "source": false
                  }
                }
              },
              {
                "id": "703aba49277fc3a7",
                "type": "leaf",
                "state": {
                  "type": "markdown",
                  "state": {
                    "file": "Welcome to Healthside.md",
                    "mode": "source",
                    "source": false
                  }
                }
              }
            ],
            "currentTab": 1
          }
        ],
        "direction": "vertical"
      },
      "left": {
        "id": "69c76f0b8430676b",
        "type": "split",
        "children": [
          {
            "id": "cbd6565dc69e20b6",
            "type": "tabs",
            "children": [
              {
                "id": "4ddbe49dcba079de",
                "type": "leaf",
                "state": {
                  "type": "file-explorer",
                  "state": {
                    "sortOrder": "alphabetical"
                  }
                }
              },
              {
                "id": "4f9bf298417779d2",
                "type": "leaf",
                "state": {
                  "type": "search",
                  "state": {
                    "query": "health",
                    "matchingCase": true,
                    "explainSearch": false,
                    "collapseAll": false,
                    "extraContext": false,
                    "sortOrder": "alphabetical"
                  }
                }
              },
              {
                "id": "04301e8bfe6cc8d5",
                "type": "leaf",
                "state": {
                  "type": "bookmarks",
                  "state": {}
                }
              }
            ],
            "currentTab": 1
          }
        ],
        "direction": "horizontal",
        "width": 300
      },
      "right": {
        "id": "14947404e2dc5920",
        "type": "split",
        "children": [
          {
            "id": "48209ef7a0c224bc",
            "type": "tabs",
            "children": [
              {
                "id": "a2b3e0c3cc5cd487",
                "type": "leaf",
                "state": {
                  "type": "backlink",
                  "state": {
                    "file": "Inbox/+Drinking Water is not the best way to stay hydrated.md",
                    "collapseAll": false,
                    "extraContext": false,
                    "sortOrder": "alphabetical",
                    "showSearch": false,
                    "searchQuery": "",
                    "backlinkCollapsed": false,
                    "unlinkedCollapsed": true
                  }
                }
              },
              {
                "id": "b6b3095bffe8f79d",
                "type": "leaf",
                "state": {
                  "type": "outgoing-link",
                  "state": {
                    "file": "Inbox/+Drinking Water is not the best way to stay hydrated.md",
                    "linksCollapsed": false,
                    "unlinkedCollapsed": true
                  }
                }
              },
              {
                "id": "d1ff50b59973170b",
                "type": "leaf",
                "state": {
                  "type": "tag",
                  "state": {
                    "sortOrder": "frequency",
                    "useHierarchy": true
                  }
                }
              },
              {
                "id": "05a27d805c5856bb",
                "type": "leaf",
                "state": {
                  "type": "outline",
                  "state": {
                    "file": "Inbox/+Drinking Water is not the best way to stay hydrated.md"
                  }
                }
              }
            ],
            "currentTab": 3
          }
        ],
        "direction": "horizontal",
        "width": 300,
        "collapsed": true
      },
      "left-ribbon": {
        "hiddenItems": {
          "switcher:Open quick switcher": false,
          "graph:Open graph view": false,
          "canvas:Create new canvas": false,
          "daily-notes:Open today's daily note": false,
          "templates:Insert template": false,
          "command-palette:Open command palette": false,
          "workspaces:Manage workspace layouts": false,
          "templater-obsidian:Templater": false,
          "obsidian-excalidraw-plugin:Create new drawing": false
        }
      },
      "active": "2b5831d41bb8d6b1",
      "mtime": "2024-07-02T17:03:37+02:00"
    },
    "New Notes to finnish": {
      "main": {
        "id": "94a8f24603b4e496",
        "type": "split",
        "children": [
          {
            "id": "28f746cb8a08bf57",
            "type": "tabs",
            "children": [
              {
                "id": "e83825686212ebd0",
                "type": "leaf",
                "state": {
                  "type": "markdown",
                  "state": {
                    "file": "Notes/Water Filtration.md",
                    "mode": "source",
                    "source": false
                  }
                }
              },
              {
                "id": "8fbe13b414c34a77",
                "type": "leaf",
                "state": {
                  "type": "markdown",
                  "state": {
                    "file": "Notes/ADP (adenosine triphosphate).md",
                    "mode": "source",
                    "source": false
                  }
                }
              },
              {
                "id": "f4b9f837b0e2b760",
                "type": "leaf",
                "state": {
                  "type": "markdown",
                  "state": {
                    "file": "Notes/Mitochondria.md",
                    "mode": "source",
                    "source": false
                  }
                }
              },
              {
                "id": "3dffc2d7b08df236",
                "type": "leaf",
                "state": {
                  "type": "markdown",
                  "state": {
                    "file": "Notes/Anti Nutrients.md",
                    "mode": "source",
                    "source": false
                  }
                }
              },
              {
                "id": "d4ba9e81d83a1a7b",
                "type": "leaf",
                "state": {
                  "type": "markdown",
                  "state": {
                    "file": "Notes/Basics.md",
                    "mode": "source",
                    "source": false
                  }
                }
              },
              {
                "id": "cab9a39ff701b3d5",
                "type": "leaf",
                "state": {
                  "type": "markdown",
                  "state": {
                    "file": "Notes/Blood work.md",
                    "mode": "source",
                    "source": false
                  }
                }
              },
              {
                "id": "35cad1c70acb6a93",
                "type": "leaf",
                "state": {
                  "type": "markdown",
                  "state": {
                    "file": "Notes/Carbonated Water.md",
                    "mode": "source",
                    "source": false
                  }
                }
              },
              {
                "id": "173a20d88a22dc07",
                "type": "leaf",
                "state": {
                  "type": "markdown",
                  "state": {
                    "file": "Notes/Cortisol.md",
                    "mode": "source",
                    "source": false
                  }
                }
              },
              {
                "id": "cabb9e2edbb4e27c",
                "type": "leaf",
                "state": {
                  "type": "markdown",
                  "state": {
                    "file": "Notes/Dehydration.md",
                    "mode": "source",
                    "source": false
                  }
                }
              },
              {
                "id": "fed1c9a3fbf35e62",
                "type": "leaf",
                "state": {
                  "type": "markdown",
                  "state": {
                    "file": "Notes/Dopamin.md",
                    "mode": "source",
                    "source": false
                  }
                }
              },
              {
                "id": "5e8d95b8557ea2a2",
                "type": "leaf",
                "state": {
                  "type": "markdown",
                  "state": {
                    "file": "Notes/Dopamine Stacking.md",
                    "mode": "source",
                    "source": false
                  }
                }
              },
              {
                "id": "232365dca7e35fb8",
                "type": "leaf",
                "state": {
                  "type": "markdown",
                  "state": {
                    "file": "Notes/Organic Chemistry.md",
                    "mode": "source",
                    "source": false
                  }
                }
              },
              {
                "id": "90c9bb279999fe88",
                "type": "leaf",
                "state": {
                  "type": "markdown",
                  "state": {
                    "file": "Notes/Free Radicals.md",
                    "mode": "source",
                    "source": false
                  }
                }
              },
              {
                "id": "083e52f477faa5a4",
                "type": "leaf",
                "state": {
                  "type": "markdown",
                  "state": {
                    "file": "Notes/Fruits.md",
                    "mode": "source",
                    "source": false
                  }
                }
              },
              {
                "id": "86735211fb962809",
                "type": "leaf",
                "state": {
                  "type": "markdown",
                  "state": {
                    "file": "Notes/GLP-1.md",
                    "mode": "source",
                    "source": false
                  }
                }
              },
              {
                "id": "de4c81f950fa8b26",
                "type": "leaf",
                "state": {
                  "type": "markdown",
                  "state": {
                    "file": "Notes/Green tea.md",
                    "mode": "source",
                    "source": false
                  }
                }
              },
              {
                "id": "9f0844dff7bdc6dc",
                "type": "leaf",
                "state": {
                  "type": "markdown",
                  "state": {
                    "file": "Notes/Hydrogen enriched water.md",
                    "mode": "source",
                    "source": false
                  }
                }
              },
              {
                "id": "b5481ce204e430ca",
                "type": "leaf",
                "state": {
                  "type": "markdown",
                  "state": {
                    "file": "Notes/Lean Meat.md",
                    "mode": "source",
                    "source": false
                  }
                }
              },
              {
                "id": "7c080fe621d818a2",
                "type": "leaf",
                "state": {
                  "type": "markdown",
                  "state": {
                    "file": "Notes/Omega 3 vs Omega 6.md",
                    "mode": "source",
                    "source": false
                  }
                }
              },
              {
                "id": "87c55d4987d9ba34",
                "type": "leaf",
                "state": {
                  "type": "markdown",
                  "state": {
                    "file": "Notes/Oral Health.md",
                    "mode": "source",
                    "source": false
                  }
                }
              },
              {
                "id": "bfad00d28d29f23b",
                "type": "leaf",
                "state": {
                  "type": "markdown",
                  "state": {
                    "file": "Notes/Organelles.md",
                    "mode": "source",
                    "source": false
                  }
                }
              },
              {
                "id": "615035edf2af8e56",
                "type": "leaf",
                "state": {
                  "type": "markdown",
                  "state": {
                    "file": "Notes/Products.md",
                    "mode": "source",
                    "source": false
                  }
                }
              },
              {
                "id": "d865206e9df205a0",
                "type": "leaf",
                "state": {
                  "type": "markdown",
                  "state": {
                    "file": "Notes/Protein.md",
                    "mode": "source",
                    "source": false
                  }
                }
              },
              {
                "id": "b522416c50cd3324",
                "type": "leaf",
                "state": {
                  "type": "markdown",
                  "state": {
                    "file": "Notes/Red Light Therapy.md",
                    "mode": "source",
                    "source": false
                  }
                }
              },
              {
                "id": "93ac6e0db63fbe57",
                "type": "leaf",
                "state": {
                  "type": "markdown",
                  "state": {
                    "file": "Notes/Reinforce and Aversive Agents.md",
                    "mode": "source",
                    "source": false
                  }
                }
              },
              {
                "id": "4b9bb2647604d616",
                "type": "leaf",
                "state": {
                  "type": "markdown",
                  "state": {
                    "file": "Notes/Sleep.md",
                    "mode": "source",
                    "source": false
                  }
                }
              },
              {
                "id": "c1509097279eeb4e",
                "type": "leaf",
                "state": {
                  "type": "markdown",
                  "state": {
                    "file": "Notes/Sunlight.md",
                    "mode": "source",
                    "source": false
                  }
                }
              },
              {
                "id": "aa03bbbe2bb87d9d",
                "type": "leaf",
                "state": {
                  "type": "markdown",
                  "state": {
                    "file": "Notes/Sunscreen.md",
                    "mode": "source",
                    "source": false
                  }
                }
              },
              {
                "id": "bb1fdeb6a27acbc3",
                "type": "leaf",
                "state": {
                  "type": "markdown",
                  "state": {
                    "file": "Notes/The modern diet and its problems.md",
                    "mode": "source",
                    "source": false
                  }
                }
              },
              {
                "id": "7d02b9571bb213a6",
                "type": "leaf",
                "state": {
                  "type": "markdown",
                  "state": {
                    "file": "Notes/The power of little promises.md",
                    "mode": "source",
                    "source": false
                  }
                }
              },
              {
                "id": "77241057e7ab60e2",
                "type": "leaf",
                "state": {
                  "type": "markdown",
                  "state": {
                    "file": "Notes/Theanine.md",
                    "mode": "source",
                    "source": false
                  }
                }
              },
              {
                "id": "57fd6d65c58b60d6",
                "type": "leaf",
                "state": {
                  "type": "markdown",
                  "state": {
                    "file": "Notes/To work on.md",
                    "mode": "source",
                    "source": false
                  }
                }
              },
              {
                "id": "40e604cdee1b0db6",
                "type": "leaf",
                "state": {
                  "type": "markdown",
                  "state": {
                    "file": "Notes/Vitamin D3.md",
                    "mode": "source",
                    "source": false
                  }
                }
              }
            ],
            "currentTab": 32
          }
        ],
        "direction": "vertical"
      },
      "left": {
        "id": "69c76f0b8430676b",
        "type": "split",
        "children": [
          {
            "id": "cbd6565dc69e20b6",
            "type": "tabs",
            "children": [
              {
                "id": "4ddbe49dcba079de",
                "type": "leaf",
                "state": {
                  "type": "file-explorer",
                  "state": {
                    "sortOrder": "alphabetical"
                  }
                }
              },
              {
                "id": "4f9bf298417779d2",
                "type": "leaf",
                "state": {
                  "type": "search",
                  "state": {
                    "query": "Health",
                    "matchingCase": true,
                    "explainSearch": false,
                    "collapseAll": false,
                    "extraContext": false,
                    "sortOrder": "alphabetical"
                  }
                }
              },
              {
                "id": "04301e8bfe6cc8d5",
                "type": "leaf",
                "state": {
                  "type": "bookmarks",
                  "state": {}
                }
              }
            ],
            "currentTab": 1
          }
        ],
        "direction": "horizontal",
        "width": 300
      },
      "right": {
        "id": "14947404e2dc5920",
        "type": "split",
        "children": [
          {
            "id": "48209ef7a0c224bc",
            "type": "tabs",
            "children": [
              {
                "id": "a2b3e0c3cc5cd487",
                "type": "leaf",
                "state": {
                  "type": "backlink",
                  "state": {
                    "file": "Notes/Vitamin D3.md",
                    "collapseAll": false,
                    "extraContext": false,
                    "sortOrder": "alphabetical",
                    "showSearch": false,
                    "searchQuery": "",
                    "backlinkCollapsed": false,
                    "unlinkedCollapsed": true
                  }
                }
              },
              {
                "id": "b6b3095bffe8f79d",
                "type": "leaf",
                "state": {
                  "type": "outgoing-link",
                  "state": {
                    "file": "Notes/Vitamin D3.md",
                    "linksCollapsed": false,
                    "unlinkedCollapsed": true
                  }
                }
              },
              {
                "id": "d1ff50b59973170b",
                "type": "leaf",
                "state": {
                  "type": "tag",
                  "state": {
                    "sortOrder": "frequency",
                    "useHierarchy": true
                  }
                }
              },
              {
                "id": "05a27d805c5856bb",
                "type": "leaf",
                "state": {
                  "type": "outline",
                  "state": {
                    "file": "Notes/Vitamin D3.md"
                  }
                }
              }
            ],
            "currentTab": 3
          }
        ],
        "direction": "horizontal",
        "width": 300,
        "collapsed": true
      },
      "left-ribbon": {
        "hiddenItems": {
          "switcher:Open quick switcher": false,
          "graph:Open graph view": false,
          "canvas:Create new canvas": false,
          "daily-notes:Open today's daily note": false,
          "templates:Insert template": false,
          "command-palette:Open command palette": false,
          "workspaces:Manage workspace layouts": false,
          "templater-obsidian:Templater": false,
          "obsidian-excalidraw-plugin:Create new drawing": false
        }
      },
      "active": "40e604cdee1b0db6",
      "mtime": "2024-07-02T17:24:38+02:00"
    },
    "Combined notes": {
      "main": {
        "id": "94a8f24603b4e496",
        "type": "split",
        "children": [
          {
            "id": "d8e9ad47ccdc10f2",
            "type": "tabs",
            "children": [
              {
                "id": "148de19ba5118cfc",
                "type": "leaf",
                "state": {
                  "type": "markdown",
                  "state": {
                    "file": "Notes/To work on.md",
                    "mode": "source",
                    "source": false
                  }
                }
              },
              {
                "id": "b08580397e17250a",
                "type": "leaf",
                "state": {
                  "type": "markdown",
                  "state": {
                    "file": "Inbox/+World No.1 Biohacking Expert Tested 100,000 People's DNA. This Diet Will Kill You - Gary Brecka.md",
                    "mode": "source",
                    "source": false
                  }
                }
              },
              {
                "id": "4082111ea9a89650",
                "type": "leaf",
                "state": {
                  "type": "markdown",
                  "state": {
                    "file": "Inbox/+Why Paul Saladino, MD Quit A 100% Carnivore Diet, Impacts of Cholesterol, And the Value of Insulin.md",
                    "mode": "source",
                    "source": false
                  }
                }
              },
              {
                "id": "408114ffcbd7f944",
                "type": "leaf",
                "state": {
                  "type": "markdown",
                  "state": {
                    "file": "Inbox/+Why Paul Saladino Quit Carnivore & Now Eats 300g of Carbs Per Day.md",
                    "mode": "source",
                    "source": false
                  }
                }
              },
              {
                "id": "a7d717f400e48b2a",
                "type": "leaf",
                "state": {
                  "type": "markdown",
                  "state": {
                    "file": "Inbox/+Why I Quit The Carnivore Diet.md",
                    "mode": "source",
                    "source": false
                  }
                }
              },
              {
                "id": "bdf8659fa3ceb2ab",
                "type": "leaf",
                "state": {
                  "type": "markdown",
                  "state": {
                    "file": "Inbox/+Why I Quit Keto and What I Wish I Did Differently (sincerely).md",
                    "mode": "source",
                    "source": false
                  }
                }
              },
              {
                "id": "c1a1a9e341f7f5ee",
                "type": "leaf",
                "state": {
                  "type": "markdown",
                  "state": {
                    "file": "Inbox/+Why Gary Brecka Changed his Mind on Keto, Fasting, and 3 other things.md",
                    "mode": "source",
                    "source": false
                  }
                }
              },
              {
                "id": "590edef321bdaf09",
                "type": "leaf",
                "state": {
                  "type": "markdown",
                  "state": {
                    "file": "Inbox/+Paul Saladino Added Rice & Potatoes to His Diet (and this happened).md",
                    "mode": "source",
                    "source": false
                  }
                }
              },
              {
                "id": "2e6020215ad77ce5",
                "type": "leaf",
                "state": {
                  "type": "markdown",
                  "state": {
                    "file": "Inbox/+Huberman - CARNIVORE and VEGAN diets are detrimental for young MALES.md",
                    "mode": "source",
                    "source": false
                  }
                }
              },
              {
                "id": "f427f6d9c6947e8c",
                "type": "leaf",
                "state": {
                  "type": "markdown",
                  "state": {
                    "file": "Inbox/+How Gary Brecka Fixed Dana White's Health.md",
                    "mode": "source",
                    "source": false
                  }
                }
              },
              {
                "id": "f5e5d8a9aa8c938e",
                "type": "leaf",
                "state": {
                  "type": "markdown",
                  "state": {
                    "file": "Inbox/+He Can Predict When YOU DIE How To HEAL Your Inflammation & Fix Your Health - Gary Brecka.md",
                    "mode": "source",
                    "source": false
                  }
                }
              },
              {
                "id": "03bd83702ffc71aa",
                "type": "leaf",
                "state": {
                  "type": "markdown",
                  "state": {
                    "file": "Inbox/+Gary Brecka’s 8 Methods to Increase Longevity on a Budget.md",
                    "mode": "source",
                    "source": false
                  }
                }
              }
            ]
          }
        ],
        "direction": "vertical"
      },
      "left": {
        "id": "69c76f0b8430676b",
        "type": "split",
        "children": [
          {
            "id": "cbd6565dc69e20b6",
            "type": "tabs",
            "children": [
              {
                "id": "4ddbe49dcba079de",
                "type": "leaf",
                "state": {
                  "type": "file-explorer",
                  "state": {
                    "sortOrder": "alphabetical"
                  }
                }
              },
              {
                "id": "4f9bf298417779d2",
                "type": "leaf",
                "state": {
                  "type": "search",
                  "state": {
                    "query": "",
                    "matchingCase": true,
                    "explainSearch": false,
                    "collapseAll": false,
                    "extraContext": false,
                    "sortOrder": "alphabetical"
                  }
                }
              },
              {
                "id": "04301e8bfe6cc8d5",
                "type": "leaf",
                "state": {
                  "type": "bookmarks",
                  "state": {}
                }
              }
            ]
          }
        ],
        "direction": "horizontal",
        "width": 300
      },
      "right": {
        "id": "14947404e2dc5920",
        "type": "split",
        "children": [
          {
            "id": "48209ef7a0c224bc",
            "type": "tabs",
            "children": [
              {
                "id": "a2b3e0c3cc5cd487",
                "type": "leaf",
                "state": {
                  "type": "backlink",
                  "state": {
                    "file": "Notes/To work on.md",
                    "collapseAll": false,
                    "extraContext": false,
                    "sortOrder": "alphabetical",
                    "showSearch": false,
                    "searchQuery": "",
                    "backlinkCollapsed": false,
                    "unlinkedCollapsed": true
                  }
                }
              },
              {
                "id": "b6b3095bffe8f79d",
                "type": "leaf",
                "state": {
                  "type": "outgoing-link",
                  "state": {
                    "file": "Notes/To work on.md",
                    "linksCollapsed": false,
                    "unlinkedCollapsed": true
                  }
                }
              },
              {
                "id": "d1ff50b59973170b",
                "type": "leaf",
                "state": {
                  "type": "tag",
                  "state": {
                    "sortOrder": "frequency",
                    "useHierarchy": true
                  }
                }
              },
              {
                "id": "05a27d805c5856bb",
                "type": "leaf",
                "state": {
                  "type": "outline",
                  "state": {
                    "file": "Notes/To work on.md"
                  }
                }
              }
            ],
            "currentTab": 3
          }
        ],
        "direction": "horizontal",
        "width": 300,
        "collapsed": true
      },
      "left-ribbon": {
        "hiddenItems": {
          "switcher:Open quick switcher": false,
          "graph:Open graph view": false,
          "canvas:Create new canvas": false,
          "daily-notes:Open today's daily note": false,
          "templates:Insert template": false,
          "command-palette:Open command palette": false,
          "workspaces:Manage workspace layouts": false,
          "templater-obsidian:Templater": false,
          "obsidian-excalidraw-plugin:Create new drawing": false
        }
      },
      "active": "148de19ba5118cfc",
      "mtime": "2024-07-02T17:33:30+02:00"
    }
  },
  "active": "Combined notes"
}